year,A_total,A_shm,A_ml,A_ml_narrow,A_rel,A_res,A_uq,B_total,B_shm,B_ml,B_ml_narrow,B_rel,B_res,B_uq,C_total,C_shm,C_ml,C_ml_narrow,C_rel,C_res,C_uq,X_shm,X_shm_ml
2000,1167906,12,1868,44,66,2,1,2999125,35,4155,153,202,4,4,596316,18,2062,107,96,50,3,89,7
2001,1197578,18,1961,49,66,1,1,2967776,65,4285,169,226,1,5,607925,35,2197,118,95,64,5,130,4
2002,1240311,19,2001,60,80,3,3,3528341,75,11748,310,389,4,8,639451,24,2306,166,117,78,2,151,10
2003,1332154,30,2229,61,78,2,2,3665570,93,7868,284,340,5,14,669590,51,2485,198,127,84,8,220,15
2004,1421226,38,2368,89,105,4,12,3907504,135,7062,325,371,9,27,744280,50,2790,310,166,106,11,273,12
2005,1485509,54,2605,121,121,3,7,4247317,168,9038,438,429,9,28,806254,88,3117,373,199,124,7,370,23
2006,1606492,71,2856,145,141,8,16,4568881,231,9804,529,546,27,43,871987,131,3487,504,234,155,18,546,17
2007,1644803,85,3058,161,170,10,7,4817327,264,9312,530,578,23,36,912235,156,3702,542,249,174,18,576,24
2008,1776514,66,3165,187,147,16,22,5264989,236,10058,556,549,31,51,1016913,149,4009,660,248,218,22,617,23
2009,1866185,109,3436,211,182,20,32,5603332,348,10733,695,705,47,80,1081798,200,4492,773,293,263,31,780,24
2010,1938966,124,3603,268,237,13,35,5932891,366,11301,805,732,53,93,1144592,250,5089,958,364,296,32,907,20
2011,2076119,148,4117,335,304,27,70,6240810,383,11151,894,919,70,149,1250476,366,6303,1207,490,398,67,1117,31
2012,2186087,147,4628,381,331,40,94,6452342,387,11236,1121,852,90,208,1341321,326,7046,1434,522,490,104,1011,30
2013,2322613,195,5137,548,371,35,132,6727552,417,11444,1366,861,101,275,1446133,526,8389,1891,642,641,134,1225,51
2014,2416018,164,5290,696,422,65,129,6964330,398,11913,1644,892,193,299,1514137,398,8807,2334,681,854,171,1068,43
2015,2434137,177,5206,931,316,94,191,7084980,454,12631,2246,778,222,395,1510117,396,8962,3115,583,1011,196,1298,39
2016,2528705,158,6224,1262,331,113,184,7203903,431,15944,3222,734,262,373,1541813,444,10405,3807,608,1165,222,1260,51
2017,2594474,188,8612,2163,402,123,209,6862450,473,22981,5329,821,318,448,1577545,495,13524,5365,616,1290,232,1493,67
2018,2594175,216,14377,4187,433,142,250,6768770,445,36613,9722,793,350,476,1639699,546,21718,8919,676,1526,361,1401,87
2019,2693067,203,22516,7051,459,180,310,7045763,530,53916,16201,912,396,558,1756910,611,34278,14432,792,1864,428,1706,147
2020,2957836,271,33501,11326,572,242,338,7246866,488,68012,22601,982,445,555,2002543,707,51579,22334,912,2608,534,1562,195
2021,3078054,272,44710,16159,580,284,367,6778254,484,84884,29859,930,470,629,2156041,735,69874,31099,997,3260,613,1745,271
2022,3064885,296,55407,20426,576,338,431,6209743,537,96099,35649,894,542,659,2212663,902,90065,39501,1033,3801,745,2043,386
2023,3046521,295,61730,24512,629,352,472,6486782,559,116491,46415,1052,559,773,2218130,947,101524,46330,1036,4322,820,2257,511
2024,3237545,412,72098,31296,654,504,545,6916851,670,141418,60170,1036,859,915,2349342,1364,122081,57713,1154,7295,1031,2730,666
